Model,RMSE,MAE,MAPE
RandomForest,6.240679202681672,2.032494640936117,2.470294926519119
