Model,RMSE,MAE,MAPE
XGBoost,5.506810047016412,2.7578954696655273,3.895255392654614
